{
    
    "floresBorja":
    {
        "1":
        {
            "IdaVuelta": ["iglesia", "cancha"],
            "u": [26.893404006958009, -101.40805053710939],
            "np": 10
        },
        "2":
        {
            "IdaVuelta": ["iglesia", "progreso"],
            "u": [26.893404006958018, -101.40805053710945],
            "np": 30
        }

    }
}